{
  "model_filename": "titanic_model_random_forest.pkl",
  "evaluation_set": "Validation",
  "n_samples": 143,
  "n_features": 18,
  "metrics": {
    "accuracy": 0.7902097902097902,
    "precision": 0.75,
    "recall": 0.6964285714285714,
    "f1_score": 0.7222222222222222,
    "roc_auc": 0.8347701149425288
  },
  "confusion_matrix": [
    [
      74,
      13
    ],
    [
      17,
      39
    ]
  ],
  "classification_report": {
    "0": {
      "precision": 0.8131868131868132,
      "recall": 0.8505747126436781,
      "f1-score": 0.8314606741573034,
      "support": 87.0
    },
    "1": {
      "precision": 0.75,
      "recall": 0.6964285714285714,
      "f1-score": 0.7222222222222222,
      "support": 56.0
    },
    "accuracy": 0.7902097902097902,
    "macro avg": {
      "precision": 0.7815934065934066,
      "recall": 0.7735016420361247,
      "f1-score": 0.7768414481897628,
      "support": 143.0
    },
    "weighted avg": {
      "precision": 0.7884423269038654,
      "recall": 0.7902097902097902,
      "f1-score": 0.7886819796932157,
      "support": 143.0
    }
  }
}