{
  "model_type": "random_forest",
  "train_accuracy": 0.9140350877192982,
  "val_accuracy": 0.7902097902097902,
  "cv_accuracy_mean": 0.8263157894736841,
  "cv_accuracy_std": 0.03206257347806505,
  "cv_scores": [
    0.868421052631579,
    0.8421052631578947,
    0.8157894736842105,
    0.7719298245614035,
    0.8333333333333334
  ],
  "n_features": 18,
  "n_train_samples": 570,
  "n_val_samples": 143,
  "feature_importance": {
    "Pclass": 0.07511577688549048,
    "Sex": 0.23594185259537942,
    "Age": 0.11172273586151621,
    "SibSp": 0.044037311465349165,
    "Parch": 0.0199537659236286,
    "Fare": 0.16538636016041505,
    "Embarked": 0.020136312068247543,
    "FamilySize": 0.050389517891485526,
    "IsAlone": 0.01385405699770703,
    "Title": 0.1404187705066112,
    "HasCabin": 0.04619611726136136,
    "AgeGroup_Teen": 0.0036973855585914974,
    "AgeGroup_Adult": 0.016337442536934737,
    "AgeGroup_Middle": 0.012839445594964225,
    "AgeGroup_Senior": 0.003447089468688645,
    "FareGroup_Medium": 0.009424949967172958,
    "FareGroup_High": 0.010348532729756457,
    "FareGroup_VeryHigh": 0.020752576526699977
  }
}